age,amount,category,customer,fraud,gender,merchant,step,t_0|d,t_0|dw,t_1|d,t_1|dw,t_2|d,t_2|dw,t_3|d,t_3|dw,t_4|d,t_4|dw,t_5|d,t_5|dw,t_6|d,t_6|dw,t_7|d,t_7|dw,t_8|d,t_8|dw,t_9|d,t_9|dw,w|t_0,w|t_1,w|t_2,w|t_3,w|t_4,w|t_5,w|t_6,w|t_7,w|t_8,w|t_9
'1',62.77,'es_health','C95356',0,'M','M480139044',1,0.19060925,0.020376004278659817,0.17717417,0.0,0.0071713969999999995,0.0,0.13354011,0.0,0.11234479,0.013001769781112673,0.04325448,0.9176074266433716,0.29005852,0.04768230393528938,0.023564073999999997,0.0006183710647746921,0.010063865,0.0004583593108691275,0.012219401999999999,0.00025581169757060707,0.0050434005,0.0,0.0,0.0,0.005471134599999999,1.0,0.007741132800000001,0.0012369707,0.0021474906,0.0009870552
'1',42.26,'es_health','C95356',0,'M','M480139044',10,0.19060925,0.020376004278659817,0.17717417,0.0,0.0071713969999999995,0.0,0.13354011,0.0,0.11234479,0.013001769781112673,0.04325448,0.9176074266433716,0.29005852,0.04768230393528938,0.023564073999999997,0.0006183710647746921,0.010063865,0.0004583593108691275,0.012219401999999999,0.00025581169757060707,0.0050434005,0.0,0.0,0.0,0.005471134599999999,1.0,0.007741132800000001,0.0012369707,0.0021474906,0.0009870552
'1',142.58,'es_health','C95356',0,'M','M50039827',10,0.19060925,0.020376004278659817,0.17717417,0.0,0.0071713969999999995,0.0,0.13354011,0.0,0.11234479,0.013001769781112673,0.04325448,0.9176074266433716,0.29005852,0.04768230393528938,0.023564073999999997,0.0006183710647746921,0.010063865,0.0004583593108691275,0.012219401999999999,0.00025581169757060707,0.0050434005,0.0,0.0,0.0,0.005471134599999999,1.0,0.007741132800000001,0.0012369707,0.0021474906,0.0009870552
'1',99.75,'es_wellnessandbeauty','C95356',0,'M','M1535107174',21,0.19060925,0.32237789034843445,0.17717417,0.0,0.0071713969999999995,0.0,0.13354011,0.13752274215221405,0.11234479,0.0,0.04325448,0.0,0.29005852,0.0015290456358343365,0.023564073999999997,0.00015792802150826898,0.010063865,6.968124216655268e-05,0.012219401999999999,0.5383427143096924,0.038279865,0.0,0.0,0.02329183,0.0,0.0,0.00011908813999999998,0.00015155497,0.00015661806,0.99650764
'1',80.41,'es_health','C95356',1,'M','M480139044',37,0.19060925,0.020376004278659817,0.17717417,0.0,0.0071713969999999995,0.0,0.13354011,0.0,0.11234479,0.013001769781112673,0.04325448,0.9176074266433716,0.29005852,0.04768230393528938,0.023564073999999997,0.0006183710647746921,0.010063865,0.0004583593108691275,0.012219401999999999,0.00025581169757060707,0.0050434005,0.0,0.0,0.0,0.005471134599999999,1.0,0.007741132800000001,0.0012369707,0.0021474906,0.0009870552
'1',70.68,'es_otherservices','C95356',0,'M','M1888755466',46,0.19060925,0.0,0.17717417,0.0,0.0071713969999999995,0.0,0.13354011,0.0,0.11234479,0.0,0.04325448,0.0,0.29005852,0.0006714222254231572,0.023564073999999997,0.0018256028415635226,0.010063865,0.9970185160636902,0.012219401999999999,0.00048447196604684006,0.0,0.0,0.0,0.0,0.0,0.0,5.702046000000001e-06,0.00019103116999999998,0.24435213,9.778617e-05
'1',101.33,'es_health','C95356',0,'M','M480139044',49,0.19060925,0.020376004278659817,0.17717417,0.0,0.0071713969999999995,0.0,0.13354011,0.0,0.11234479,0.013001769781112673,0.04325448,0.9176074266433716,0.29005852,0.04768230393528938,0.023564073999999997,0.0006183710647746921,0.010063865,0.0004583593108691275,0.012219401999999999,0.00025581169757060707,0.0050434005,0.0,0.0,0.0,0.005471134599999999,1.0,0.007741132800000001,0.0012369707,0.0021474906,0.0009870552
'1',242.92,'es_health','C95356',0,'M','M1053599405',49,0.19060925,0.020376004278659817,0.17717417,0.0,0.0071713969999999995,0.0,0.13354011,0.0,0.11234479,0.013001769781112673,0.04325448,0.9176074266433716,0.29005852,0.04768230393528938,0.023564073999999997,0.0006183710647746921,0.010063865,0.0004583593108691275,0.012219401999999999,0.00025581169757060707,0.0050434005,0.0,0.0,0.0,0.005471134599999999,1.0,0.007741132800000001,0.0012369707,0.0021474906,0.0009870552
'1',47.22,'es_transportation','C95356',0,'M','M1823072687',50,0.19060925,0.22304818034172055,0.17717417,0.2202708125114441,0.0071713969999999995,0.0,0.13354011,0.1498796045780182,0.11234479,0.12415046989917755,0.04325448,0.0,0.29005852,0.2826415300369263,0.023564073999999997,4.6416216719080686e-06,0.010063865,2.1830758214491644e-06,0.012219401999999999,2.5602053028706e-06,0.94165164,1.0,0.0,0.90252244,0.89106715,0.0,0.7826550999999999,0.0001583679,0.0001744541,0.00016849345000000002
'1',4.52,'es_transportation','C95356',0,'M','M1823072687',51,0.19060925,0.22304818034172055,0.17717417,0.2202708125114441,0.0071713969999999995,0.0,0.13354011,0.1498796045780182,0.11234479,0.12415046989917755,0.04325448,0.0,0.29005852,0.2826415300369263,0.023564073999999997,4.6416216719080686e-06,0.010063865,2.1830758214491644e-06,0.012219401999999999,2.5602053028706e-06,0.94165164,1.0,0.0,0.90252244,0.89106715,0.0,0.7826550999999999,0.0001583679,0.0001744541,0.00016849345000000002
'1',45.29,'es_transportation','C95356',0,'M','M1823072687',52,0.19060925,0.22304818034172055,0.17717417,0.2202708125114441,0.0071713969999999995,0.0,0.13354011,0.1498796045780182,0.11234479,0.12415046989917755,0.04325448,0.0,0.29005852,0.2826415300369263,0.023564073999999997,4.6416216719080686e-06,0.010063865,2.1830758214491644e-06,0.012219401999999999,2.5602053028706e-06,0.94165164,1.0,0.0,0.90252244,0.89106715,0.0,0.7826550999999999,0.0001583679,0.0001744541,0.00016849345000000002
'1',27.33,'es_transportation','C95356',0,'M','M1823072687',57,0.19060925,0.22304818034172055,0.17717417,0.2202708125114441,0.0071713969999999995,0.0,0.13354011,0.1498796045780182,0.11234479,0.12415046989917755,0.04325448,0.0,0.29005852,0.2826415300369263,0.023564073999999997,4.6416216719080686e-06,0.010063865,2.1830758214491644e-06,0.012219401999999999,2.5602053028706e-06,0.94165164,1.0,0.0,0.90252244,0.89106715,0.0,0.7826550999999999,0.0001583679,0.0001744541,0.00016849345000000002
'1',21.21,'es_transportation','C95356',0,'M','M1823072687',58,0.19060925,0.22304818034172055,0.17717417,0.2202708125114441,0.0071713969999999995,0.0,0.13354011,0.1498796045780182,0.11234479,0.12415046989917755,0.04325448,0.0,0.29005852,0.2826415300369263,0.023564073999999997,4.6416216719080686e-06,0.010063865,2.1830758214491644e-06,0.012219401999999999,2.5602053028706e-06,0.94165164,1.0,0.0,0.90252244,0.89106715,0.0,0.7826550999999999,0.0001583679,0.0001744541,0.00016849345000000002
'1',12.1,'es_transportation','C95356',0,'M','M1823072687',59,0.19060925,0.22304818034172055,0.17717417,0.2202708125114441,0.0071713969999999995,0.0,0.13354011,0.1498796045780182,0.11234479,0.12415046989917755,0.04325448,0.0,0.29005852,0.2826415300369263,0.023564073999999997,4.6416216719080686e-06,0.010063865,2.1830758214491644e-06,0.012219401999999999,2.5602053028706e-06,0.94165164,1.0,0.0,0.90252244,0.89106715,0.0,0.7826550999999999,0.0001583679,0.0001744541,0.00016849345000000002
'1',43.68,'es_transportation','C95356',0,'M','M1823072687',60,0.19060925,0.22304818034172055,0.17717417,0.2202708125114441,0.0071713969999999995,0.0,0.13354011,0.1498796045780182,0.11234479,0.12415046989917755,0.04325448,0.0,0.29005852,0.2826415300369263,0.023564073999999997,4.6416216719080686e-06,0.010063865,2.1830758214491644e-06,0.012219401999999999,2.5602053028706e-06,0.94165164,1.0,0.0,0.90252244,0.89106715,0.0,0.7826550999999999,0.0001583679,0.0001744541,0.00016849345000000002
'1',13.54,'es_transportation','C95356',0,'M','M1823072687',61,0.19060925,0.22304818034172055,0.17717417,0.2202708125114441,0.0071713969999999995,0.0,0.13354011,0.1498796045780182,0.11234479,0.12415046989917755,0.04325448,0.0,0.29005852,0.2826415300369263,0.023564073999999997,4.6416216719080686e-06,0.010063865,2.1830758214491644e-06,0.012219401999999999,2.5602053028706e-06,0.94165164,1.0,0.0,0.90252244,0.89106715,0.0,0.7826550999999999,0.0001583679,0.0001744541,0.00016849345000000002
'1',27.28,'es_transportation','C95356',0,'M','M1823072687',62,0.19060925,0.22304818034172055,0.17717417,0.2202708125114441,0.0071713969999999995,0.0,0.13354011,0.1498796045780182,0.11234479,0.12415046989917755,0.04325448,0.0,0.29005852,0.2826415300369263,0.023564073999999997,4.6416216719080686e-06,0.010063865,2.1830758214491644e-06,0.012219401999999999,2.5602053028706e-06,0.94165164,1.0,0.0,0.90252244,0.89106715,0.0,0.7826550999999999,0.0001583679,0.0001744541,0.00016849345000000002
'1',9.82,'es_transportation','C95356',0,'M','M1823072687',63,0.19060925,0.22304818034172055,0.17717417,0.2202708125114441,0.0071713969999999995,0.0,0.13354011,0.1498796045780182,0.11234479,0.12415046989917755,0.04325448,0.0,0.29005852,0.2826415300369263,0.023564073999999997,4.6416216719080686e-06,0.010063865,2.1830758214491644e-06,0.012219401999999999,2.5602053028706e-06,0.94165164,1.0,0.0,0.90252244,0.89106715,0.0,0.7826550999999999,0.0001583679,0.0001744541,0.00016849345000000002
'1',33.82,'es_transportation','C95356',0,'M','M1823072687',64,0.19060925,0.22304818034172055,0.17717417,0.2202708125114441,0.0071713969999999995,0.0,0.13354011,0.1498796045780182,0.11234479,0.12415046989917755,0.04325448,0.0,0.29005852,0.2826415300369263,0.023564073999999997,4.6416216719080686e-06,0.010063865,2.1830758214491644e-06,0.012219401999999999,2.5602053028706e-06,0.94165164,1.0,0.0,0.90252244,0.89106715,0.0,0.7826550999999999,0.0001583679,0.0001744541,0.00016849345000000002
'1',51.91,'es_transportation','C95356',0,'M','M1823072687',65,0.19060925,0.22304818034172055,0.17717417,0.2202708125114441,0.0071713969999999995,0.0,0.13354011,0.1498796045780182,0.11234479,0.12415046989917755,0.04325448,0.0,0.29005852,0.2826415300369263,0.023564073999999997,4.6416216719080686e-06,0.010063865,2.1830758214491644e-06,0.012219401999999999,2.5602053028706e-06,0.94165164,1.0,0.0,0.90252244,0.89106715,0.0,0.7826550999999999,0.0001583679,0.0001744541,0.00016849345000000002
'1',0.68,'es_transportation','C95356',0,'M','M1823072687',66,0.19060925,0.22304818034172055,0.17717417,0.2202708125114441,0.0071713969999999995,0.0,0.13354011,0.1498796045780182,0.11234479,0.12415046989917755,0.04325448,0.0,0.29005852,0.2826415300369263,0.023564073999999997,4.6416216719080686e-06,0.010063865,2.1830758214491644e-06,0.012219401999999999,2.5602053028706e-06,0.94165164,1.0,0.0,0.90252244,0.89106715,0.0,0.7826550999999999,0.0001583679,0.0001744541,0.00016849345000000002
'1',49.46,'es_transportation','C95356',0,'M','M1823072687',67,0.19060925,0.22304818034172055,0.17717417,0.2202708125114441,0.0071713969999999995,0.0,0.13354011,0.1498796045780182,0.11234479,0.12415046989917755,0.04325448,0.0,0.29005852,0.2826415300369263,0.023564073999999997,4.6416216719080686e-06,0.010063865,2.1830758214491644e-06,0.012219401999999999,2.5602053028706e-06,0.94165164,1.0,0.0,0.90252244,0.89106715,0.0,0.7826550999999999,0.0001583679,0.0001744541,0.00016849345000000002
'1',22.79,'es_transportation','C95356',0,'M','M1823072687',69,0.19060925,0.22304818034172055,0.17717417,0.2202708125114441,0.0071713969999999995,0.0,0.13354011,0.1498796045780182,0.11234479,0.12415046989917755,0.04325448,0.0,0.29005852,0.2826415300369263,0.023564073999999997,4.6416216719080686e-06,0.010063865,2.1830758214491644e-06,0.012219401999999999,2.5602053028706e-06,0.94165164,1.0,0.0,0.90252244,0.89106715,0.0,0.7826550999999999,0.0001583679,0.0001744541,0.00016849345000000002
'1',0.93,'es_transportation','C95356',0,'M','M1823072687',70,0.19060925,0.22304818034172055,0.17717417,0.2202708125114441,0.0071713969999999995,0.0,0.13354011,0.1498796045780182,0.11234479,0.12415046989917755,0.04325448,0.0,0.29005852,0.2826415300369263,0.023564073999999997,4.6416216719080686e-06,0.010063865,2.1830758214491644e-06,0.012219401999999999,2.5602053028706e-06,0.94165164,1.0,0.0,0.90252244,0.89106715,0.0,0.7826550999999999,0.0001583679,0.0001744541,0.00016849345000000002
'1',65.11,'es_transportation','C95356',0,'M','M1823072687',71,0.19060925,0.22304818034172055,0.17717417,0.2202708125114441,0.0071713969999999995,0.0,0.13354011,0.1498796045780182,0.11234479,0.12415046989917755,0.04325448,0.0,0.29005852,0.2826415300369263,0.023564073999999997,4.6416216719080686e-06,0.010063865,2.1830758214491644e-06,0.012219401999999999,2.5602053028706e-06,0.94165164,1.0,0.0,0.90252244,0.89106715,0.0,0.7826550999999999,0.0001583679,0.0001744541,0.00016849345000000002
'1',7.45,'es_transportation','C95356',0,'M','M1823072687',72,0.19060925,0.22304818034172055,0.17717417,0.2202708125114441,0.0071713969999999995,0.0,0.13354011,0.1498796045780182,0.11234479,0.12415046989917755,0.04325448,0.0,0.29005852,0.2826415300369263,0.023564073999999997,4.6416216719080686e-06,0.010063865,2.1830758214491644e-06,0.012219401999999999,2.5602053028706e-06,0.94165164,1.0,0.0,0.90252244,0.89106715,0.0,0.7826550999999999,0.0001583679,0.0001744541,0.00016849345000000002
'1',10.64,'es_transportation','C95356',0,'M','M1823072687',73,0.19060925,0.22304818034172055,0.17717417,0.2202708125114441,0.0071713969999999995,0.0,0.13354011,0.1498796045780182,0.11234479,0.12415046989917755,0.04325448,0.0,0.29005852,0.2826415300369263,0.023564073999999997,4.6416216719080686e-06,0.010063865,2.1830758214491644e-06,0.012219401999999999,2.5602053028706e-06,0.94165164,1.0,0.0,0.90252244,0.89106715,0.0,0.7826550999999999,0.0001583679,0.0001744541,0.00016849345000000002
'1',12.01,'es_transportation','C95356',0,'M','M1823072687',74,0.19060925,0.22304818034172055,0.17717417,0.2202708125114441,0.0071713969999999995,0.0,0.13354011,0.1498796045780182,0.11234479,0.12415046989917755,0.04325448,0.0,0.29005852,0.2826415300369263,0.023564073999999997,4.6416216719080686e-06,0.010063865,2.1830758214491644e-06,0.012219401999999999,2.5602053028706e-06,0.94165164,1.0,0.0,0.90252244,0.89106715,0.0,0.7826550999999999,0.0001583679,0.0001744541,0.00016849345000000002
'1',26.02,'es_transportation','C95356',0,'M','M1823072687',75,0.19060925,0.22304818034172055,0.17717417,0.2202708125114441,0.0071713969999999995,0.0,0.13354011,0.1498796045780182,0.11234479,0.12415046989917755,0.04325448,0.0,0.29005852,0.2826415300369263,0.023564073999999997,4.6416216719080686e-06,0.010063865,2.1830758214491644e-06,0.012219401999999999,2.5602053028706e-06,0.94165164,1.0,0.0,0.90252244,0.89106715,0.0,0.7826550999999999,0.0001583679,0.0001744541,0.00016849345000000002
'1',24.59,'es_transportation','C95356',0,'M','M1823072687',76,0.19060925,0.22304818034172055,0.17717417,0.2202708125114441,0.0071713969999999995,0.0,0.13354011,0.1498796045780182,0.11234479,0.12415046989917755,0.04325448,0.0,0.29005852,0.2826415300369263,0.023564073999999997,4.6416216719080686e-06,0.010063865,2.1830758214491644e-06,0.012219401999999999,2.5602053028706e-06,0.94165164,1.0,0.0,0.90252244,0.89106715,0.0,0.7826550999999999,0.0001583679,0.0001744541,0.00016849345000000002
'1',9.13,'es_transportation','C95356',0,'M','M1823072687',77,0.19060925,0.22304818034172055,0.17717417,0.2202708125114441,0.0071713969999999995,0.0,0.13354011,0.1498796045780182,0.11234479,0.12415046989917755,0.04325448,0.0,0.29005852,0.2826415300369263,0.023564073999999997,4.6416216719080686e-06,0.010063865,2.1830758214491644e-06,0.012219401999999999,2.5602053028706e-06,0.94165164,1.0,0.0,0.90252244,0.89106715,0.0,0.7826550999999999,0.0001583679,0.0001744541,0.00016849345000000002
'1',27.47,'es_transportation','C95356',0,'M','M1823072687',78,0.19060925,0.22304818034172055,0.17717417,0.2202708125114441,0.0071713969999999995,0.0,0.13354011,0.1498796045780182,0.11234479,0.12415046989917755,0.04325448,0.0,0.29005852,0.2826415300369263,0.023564073999999997,4.6416216719080686e-06,0.010063865,2.1830758214491644e-06,0.012219401999999999,2.5602053028706e-06,0.94165164,1.0,0.0,0.90252244,0.89106715,0.0,0.7826550999999999,0.0001583679,0.0001744541,0.00016849345000000002
'1',12.9,'es_transportation','C95356',0,'M','M1823072687',79,0.19060925,0.22304818034172055,0.17717417,0.2202708125114441,0.0071713969999999995,0.0,0.13354011,0.1498796045780182,0.11234479,0.12415046989917755,0.04325448,0.0,0.29005852,0.2826415300369263,0.023564073999999997,4.6416216719080686e-06,0.010063865,2.1830758214491644e-06,0.012219401999999999,2.5602053028706e-06,0.94165164,1.0,0.0,0.90252244,0.89106715,0.0,0.7826550999999999,0.0001583679,0.0001744541,0.00016849345000000002
'1',43.1,'es_transportation','C95356',0,'M','M1823072687',80,0.19060925,0.22304818034172055,0.17717417,0.2202708125114441,0.0071713969999999995,0.0,0.13354011,0.1498796045780182,0.11234479,0.12415046989917755,0.04325448,0.0,0.29005852,0.2826415300369263,0.023564073999999997,4.6416216719080686e-06,0.010063865,2.1830758214491644e-06,0.012219401999999999,2.5602053028706e-06,0.94165164,1.0,0.0,0.90252244,0.89106715,0.0,0.7826550999999999,0.0001583679,0.0001744541,0.00016849345000000002
'1',7.74,'es_transportation','C95356',0,'M','M1823072687',81,0.19060925,0.22304818034172055,0.17717417,0.2202708125114441,0.0071713969999999995,0.0,0.13354011,0.1498796045780182,0.11234479,0.12415046989917755,0.04325448,0.0,0.29005852,0.2826415300369263,0.023564073999999997,4.6416216719080686e-06,0.010063865,2.1830758214491644e-06,0.012219401999999999,2.5602053028706e-06,0.94165164,1.0,0.0,0.90252244,0.89106715,0.0,0.7826550999999999,0.0001583679,0.0001744541,0.00016849345000000002
'1',70.72,'es_transportation','C95356',0,'M','M1823072687',82,0.19060925,0.22304818034172055,0.17717417,0.2202708125114441,0.0071713969999999995,0.0,0.13354011,0.1498796045780182,0.11234479,0.12415046989917755,0.04325448,0.0,0.29005852,0.2826415300369263,0.023564073999999997,4.6416216719080686e-06,0.010063865,2.1830758214491644e-06,0.012219401999999999,2.5602053028706e-06,0.94165164,1.0,0.0,0.90252244,0.89106715,0.0,0.7826550999999999,0.0001583679,0.0001744541,0.00016849345000000002
'1',67.69,'es_transportation','C95356',0,'M','M1823072687',83,0.19060925,0.22304818034172055,0.17717417,0.2202708125114441,0.0071713969999999995,0.0,0.13354011,0.1498796045780182,0.11234479,0.12415046989917755,0.04325448,0.0,0.29005852,0.2826415300369263,0.023564073999999997,4.6416216719080686e-06,0.010063865,2.1830758214491644e-06,0.012219401999999999,2.5602053028706e-06,0.94165164,1.0,0.0,0.90252244,0.89106715,0.0,0.7826550999999999,0.0001583679,0.0001744541,0.00016849345000000002
'1',57.93,'es_transportation','C95356',0,'M','M1823072687',84,0.19060925,0.22304818034172055,0.17717417,0.2202708125114441,0.0071713969999999995,0.0,0.13354011,0.1498796045780182,0.11234479,0.12415046989917755,0.04325448,0.0,0.29005852,0.2826415300369263,0.023564073999999997,4.6416216719080686e-06,0.010063865,2.1830758214491644e-06,0.012219401999999999,2.5602053028706e-06,0.94165164,1.0,0.0,0.90252244,0.89106715,0.0,0.7826550999999999,0.0001583679,0.0001744541,0.00016849345000000002
'1',24.39,'es_transportation','C95356',0,'M','M1823072687',85,0.19060925,0.22304818034172055,0.17717417,0.2202708125114441,0.0071713969999999995,0.0,0.13354011,0.1498796045780182,0.11234479,0.12415046989917755,0.04325448,0.0,0.29005852,0.2826415300369263,0.023564073999999997,4.6416216719080686e-06,0.010063865,2.1830758214491644e-06,0.012219401999999999,2.5602053028706e-06,0.94165164,1.0,0.0,0.90252244,0.89106715,0.0,0.7826550999999999,0.0001583679,0.0001744541,0.00016849345000000002
'1',5.93,'es_transportation','C95356',0,'M','M1823072687',86,0.19060925,0.22304818034172055,0.17717417,0.2202708125114441,0.0071713969999999995,0.0,0.13354011,0.1498796045780182,0.11234479,0.12415046989917755,0.04325448,0.0,0.29005852,0.2826415300369263,0.023564073999999997,4.6416216719080686e-06,0.010063865,2.1830758214491644e-06,0.012219401999999999,2.5602053028706e-06,0.94165164,1.0,0.0,0.90252244,0.89106715,0.0,0.7826550999999999,0.0001583679,0.0001744541,0.00016849345000000002
'1',24.53,'es_transportation','C95356',0,'M','M1823072687',87,0.19060925,0.22304818034172055,0.17717417,0.2202708125114441,0.0071713969999999995,0.0,0.13354011,0.1498796045780182,0.11234479,0.12415046989917755,0.04325448,0.0,0.29005852,0.2826415300369263,0.023564073999999997,4.6416216719080686e-06,0.010063865,2.1830758214491644e-06,0.012219401999999999,2.5602053028706e-06,0.94165164,1.0,0.0,0.90252244,0.89106715,0.0,0.7826550999999999,0.0001583679,0.0001744541,0.00016849345000000002
'1',9.64,'es_transportation','C95356',0,'M','M1823072687',88,0.19060925,0.22304818034172055,0.17717417,0.2202708125114441,0.0071713969999999995,0.0,0.13354011,0.1498796045780182,0.11234479,0.12415046989917755,0.04325448,0.0,0.29005852,0.2826415300369263,0.023564073999999997,4.6416216719080686e-06,0.010063865,2.1830758214491644e-06,0.012219401999999999,2.5602053028706e-06,0.94165164,1.0,0.0,0.90252244,0.89106715,0.0,0.7826550999999999,0.0001583679,0.0001744541,0.00016849345000000002
'1',9.02,'es_food','C95356',0,'M','M85975013',90,0.19060925,0.0018954853294417266,0.17717417,0.0,0.0071713969999999995,0.0,0.13354011,0.0,0.11234479,0.0075073977932333955,0.04325448,0.0,0.29005852,0.9904544949531556,0.023564073999999997,7.058408664306626e-05,0.010063865,4.0877435822039836e-05,0.012219401999999999,3.125235525658354e-05,0.0006097959,0.0,0.0,0.0,0.004106048,0.0,0.20899770000000004,0.00018351717,0.000248925,0.0001567341
'1',27.56,'es_transportation','C95356',0,'M','M1823072687',91,0.19060925,0.22304818034172055,0.17717417,0.2202708125114441,0.0071713969999999995,0.0,0.13354011,0.1498796045780182,0.11234479,0.12415046989917755,0.04325448,0.0,0.29005852,0.2826415300369263,0.023564073999999997,4.6416216719080686e-06,0.010063865,2.1830758214491644e-06,0.012219401999999999,2.5602053028706e-06,0.94165164,1.0,0.0,0.90252244,0.89106715,0.0,0.7826550999999999,0.0001583679,0.0001744541,0.00016849345000000002
'1',30.48,'es_transportation','C95356',0,'M','M1823072687',92,0.19060925,0.22304818034172055,0.17717417,0.2202708125114441,0.0071713969999999995,0.0,0.13354011,0.1498796045780182,0.11234479,0.12415046989917755,0.04325448,0.0,0.29005852,0.2826415300369263,0.023564073999999997,4.6416216719080686e-06,0.010063865,2.1830758214491644e-06,0.012219401999999999,2.5602053028706e-06,0.94165164,1.0,0.0,0.90252244,0.89106715,0.0,0.7826550999999999,0.0001583679,0.0001744541,0.00016849345000000002
'1',59.03,'es_transportation','C95356',0,'M','M1823072687',93,0.19060925,0.22304818034172055,0.17717417,0.2202708125114441,0.0071713969999999995,0.0,0.13354011,0.1498796045780182,0.11234479,0.12415046989917755,0.04325448,0.0,0.29005852,0.2826415300369263,0.023564073999999997,4.6416216719080686e-06,0.010063865,2.1830758214491644e-06,0.012219401999999999,2.5602053028706e-06,0.94165164,1.0,0.0,0.90252244,0.89106715,0.0,0.7826550999999999,0.0001583679,0.0001744541,0.00016849345000000002
'1',47.95,'es_transportation','C95356',0,'M','M1823072687',94,0.19060925,0.22304818034172055,0.17717417,0.2202708125114441,0.0071713969999999995,0.0,0.13354011,0.1498796045780182,0.11234479,0.12415046989917755,0.04325448,0.0,0.29005852,0.2826415300369263,0.023564073999999997,4.6416216719080686e-06,0.010063865,2.1830758214491644e-06,0.012219401999999999,2.5602053028706e-06,0.94165164,1.0,0.0,0.90252244,0.89106715,0.0,0.7826550999999999,0.0001583679,0.0001744541,0.00016849345000000002
'1',27.33,'es_transportation','C95356',0,'M','M1823072687',95,0.19060925,0.22304818034172055,0.17717417,0.2202708125114441,0.0071713969999999995,0.0,0.13354011,0.1498796045780182,0.11234479,0.12415046989917755,0.04325448,0.0,0.29005852,0.2826415300369263,0.023564073999999997,4.6416216719080686e-06,0.010063865,2.1830758214491644e-06,0.012219401999999999,2.5602053028706e-06,0.94165164,1.0,0.0,0.90252244,0.89106715,0.0,0.7826550999999999,0.0001583679,0.0001744541,0.00016849345000000002
'1',26.04,'es_transportation','C95356',0,'M','M1823072687',96,0.19060925,0.22304818034172055,0.17717417,0.2202708125114441,0.0071713969999999995,0.0,0.13354011,0.1498796045780182,0.11234479,0.12415046989917755,0.04325448,0.0,0.29005852,0.2826415300369263,0.023564073999999997,4.6416216719080686e-06,0.010063865,2.1830758214491644e-06,0.012219401999999999,2.5602053028706e-06,0.94165164,1.0,0.0,0.90252244,0.89106715,0.0,0.7826550999999999,0.0001583679,0.0001744541,0.00016849345000000002
'1',42.28,'es_transportation','C95356',0,'M','M1823072687',97,0.19060925,0.22304818034172055,0.17717417,0.2202708125114441,0.0071713969999999995,0.0,0.13354011,0.1498796045780182,0.11234479,0.12415046989917755,0.04325448,0.0,0.29005852,0.2826415300369263,0.023564073999999997,4.6416216719080686e-06,0.010063865,2.1830758214491644e-06,0.012219401999999999,2.5602053028706e-06,0.94165164,1.0,0.0,0.90252244,0.89106715,0.0,0.7826550999999999,0.0001583679,0.0001744541,0.00016849345000000002
'1',5.67,'es_food','C95356',0,'M','M85975013',98,0.19060925,0.0018954853294417266,0.17717417,0.0,0.0071713969999999995,0.0,0.13354011,0.0,0.11234479,0.0075073977932333955,0.04325448,0.0,0.29005852,0.9904544949531556,0.023564073999999997,7.058408664306626e-05,0.010063865,4.0877435822039836e-05,0.012219401999999999,3.125235525658354e-05,0.0006097959,0.0,0.0,0.0,0.004106048,0.0,0.20899770000000004,0.00018351717,0.000248925,0.0001567341
'1',50.99,'es_transportation','C95356',0,'M','M1823072687',99,0.19060925,0.22304818034172055,0.17717417,0.2202708125114441,0.0071713969999999995,0.0,0.13354011,0.1498796045780182,0.11234479,0.12415046989917755,0.04325448,0.0,0.29005852,0.2826415300369263,0.023564073999999997,4.6416216719080686e-06,0.010063865,2.1830758214491644e-06,0.012219401999999999,2.5602053028706e-06,0.94165164,1.0,0.0,0.90252244,0.89106715,0.0,0.7826550999999999,0.0001583679,0.0001744541,0.00016849345000000002
'1',93.56,'es_transportation','C95356',0,'M','M1823072687',100,0.19060925,0.22304818034172055,0.17717417,0.2202708125114441,0.0071713969999999995,0.0,0.13354011,0.1498796045780182,0.11234479,0.12415046989917755,0.04325448,0.0,0.29005852,0.2826415300369263,0.023564073999999997,4.6416216719080686e-06,0.010063865,2.1830758214491644e-06,0.012219401999999999,2.5602053028706e-06,0.94165164,1.0,0.0,0.90252244,0.89106715,0.0,0.7826550999999999,0.0001583679,0.0001744541,0.00016849345000000002
'1',45.88,'es_wellnessandbeauty','C95356',0,'M','M1946091778',101,0.19060925,0.32237789034843445,0.17717417,0.0,0.0071713969999999995,0.0,0.13354011,0.13752274215221405,0.11234479,0.0,0.04325448,0.0,0.29005852,0.0015290456358343365,0.023564073999999997,0.00015792802150826898,0.010063865,6.968124216655268e-05,0.012219401999999999,0.5383427143096924,0.038279865,0.0,0.0,0.02329183,0.0,0.0,0.00011908813999999998,0.00015155497,0.00015661806,0.99650764
'1',13.77,'es_transportation','C95356',0,'M','M348934600',103,0.19060925,0.22304818034172055,0.17717417,0.2202708125114441,0.0071713969999999995,0.0,0.13354011,0.1498796045780182,0.11234479,0.12415046989917755,0.04325448,0.0,0.29005852,0.2826415300369263,0.023564073999999997,4.6416216719080686e-06,0.010063865,2.1830758214491644e-06,0.012219401999999999,2.5602053028706e-06,0.94165164,1.0,0.0,0.90252244,0.89106715,0.0,0.7826550999999999,0.0001583679,0.0001744541,0.00016849345000000002
'1',33.58,'es_transportation','C95356',0,'M','M348934600',104,0.19060925,0.22304818034172055,0.17717417,0.2202708125114441,0.0071713969999999995,0.0,0.13354011,0.1498796045780182,0.11234479,0.12415046989917755,0.04325448,0.0,0.29005852,0.2826415300369263,0.023564073999999997,4.6416216719080686e-06,0.010063865,2.1830758214491644e-06,0.012219401999999999,2.5602053028706e-06,0.94165164,1.0,0.0,0.90252244,0.89106715,0.0,0.7826550999999999,0.0001583679,0.0001744541,0.00016849345000000002
'1',7.19,'es_transportation','C95356',0,'M','M348934600',105,0.19060925,0.22304818034172055,0.17717417,0.2202708125114441,0.0071713969999999995,0.0,0.13354011,0.1498796045780182,0.11234479,0.12415046989917755,0.04325448,0.0,0.29005852,0.2826415300369263,0.023564073999999997,4.6416216719080686e-06,0.010063865,2.1830758214491644e-06,0.012219401999999999,2.5602053028706e-06,0.94165164,1.0,0.0,0.90252244,0.89106715,0.0,0.7826550999999999,0.0001583679,0.0001744541,0.00016849345000000002
'1',54.4,'es_transportation','C95356',0,'M','M348934600',106,0.19060925,0.22304818034172055,0.17717417,0.2202708125114441,0.0071713969999999995,0.0,0.13354011,0.1498796045780182,0.11234479,0.12415046989917755,0.04325448,0.0,0.29005852,0.2826415300369263,0.023564073999999997,4.6416216719080686e-06,0.010063865,2.1830758214491644e-06,0.012219401999999999,2.5602053028706e-06,0.94165164,1.0,0.0,0.90252244,0.89106715,0.0,0.7826550999999999,0.0001583679,0.0001744541,0.00016849345000000002
'1',20.16,'es_transportation','C95356',0,'M','M348934600',107,0.19060925,0.22304818034172055,0.17717417,0.2202708125114441,0.0071713969999999995,0.0,0.13354011,0.1498796045780182,0.11234479,0.12415046989917755,0.04325448,0.0,0.29005852,0.2826415300369263,0.023564073999999997,4.6416216719080686e-06,0.010063865,2.1830758214491644e-06,0.012219401999999999,2.5602053028706e-06,0.94165164,1.0,0.0,0.90252244,0.89106715,0.0,0.7826550999999999,0.0001583679,0.0001744541,0.00016849345000000002
'1',88.65,'es_sportsandtoys','C95356',0,'M','M1649169323',108,0.19060925,0.0,0.17717417,0.0,0.0071713969999999995,0.0,0.13354011,0.0,0.11234479,0.0,0.04325448,0.0,0.29005852,8.688548405189067e-05,0.023564073999999997,0.9997904896736144,0.010063865,7.486009417334571e-05,0.012219401999999999,4.779330629389733e-05,0.0,0.0,0.0,0.0,0.0,0.0,5.9337002999999994e-06,0.84129894,0.00014753894,7.757454000000001e-05
'1',21.33,'es_transportation','C95356',0,'M','M348934600',109,0.19060925,0.22304818034172055,0.17717417,0.2202708125114441,0.0071713969999999995,0.0,0.13354011,0.1498796045780182,0.11234479,0.12415046989917755,0.04325448,0.0,0.29005852,0.2826415300369263,0.023564073999999997,4.6416216719080686e-06,0.010063865,2.1830758214491644e-06,0.012219401999999999,2.5602053028706e-06,0.94165164,1.0,0.0,0.90252244,0.89106715,0.0,0.7826550999999999,0.0001583679,0.0001744541,0.00016849345000000002
'1',36.0,'es_transportation','C95356',0,'M','M348934600',110,0.19060925,0.22304818034172055,0.17717417,0.2202708125114441,0.0071713969999999995,0.0,0.13354011,0.1498796045780182,0.11234479,0.12415046989917755,0.04325448,0.0,0.29005852,0.2826415300369263,0.023564073999999997,4.6416216719080686e-06,0.010063865,2.1830758214491644e-06,0.012219401999999999,2.5602053028706e-06,0.94165164,1.0,0.0,0.90252244,0.89106715,0.0,0.7826550999999999,0.0001583679,0.0001744541,0.00016849345000000002
'1',43.6,'es_transportation','C95356',0,'M','M348934600',111,0.19060925,0.22304818034172055,0.17717417,0.2202708125114441,0.0071713969999999995,0.0,0.13354011,0.1498796045780182,0.11234479,0.12415046989917755,0.04325448,0.0,0.29005852,0.2826415300369263,0.023564073999999997,4.6416216719080686e-06,0.010063865,2.1830758214491644e-06,0.012219401999999999,2.5602053028706e-06,0.94165164,1.0,0.0,0.90252244,0.89106715,0.0,0.7826550999999999,0.0001583679,0.0001744541,0.00016849345000000002
'1',28.07,'es_transportation','C95356',0,'M','M348934600',112,0.19060925,0.22304818034172055,0.17717417,0.2202708125114441,0.0071713969999999995,0.0,0.13354011,0.1498796045780182,0.11234479,0.12415046989917755,0.04325448,0.0,0.29005852,0.2826415300369263,0.023564073999999997,4.6416216719080686e-06,0.010063865,2.1830758214491644e-06,0.012219401999999999,2.5602053028706e-06,0.94165164,1.0,0.0,0.90252244,0.89106715,0.0,0.7826550999999999,0.0001583679,0.0001744541,0.00016849345000000002
'1',55.49,'es_transportation','C95356',0,'M','M348934600',113,0.19060925,0.22304818034172055,0.17717417,0.2202708125114441,0.0071713969999999995,0.0,0.13354011,0.1498796045780182,0.11234479,0.12415046989917755,0.04325448,0.0,0.29005852,0.2826415300369263,0.023564073999999997,4.6416216719080686e-06,0.010063865,2.1830758214491644e-06,0.012219401999999999,2.5602053028706e-06,0.94165164,1.0,0.0,0.90252244,0.89106715,0.0,0.7826550999999999,0.0001583679,0.0001744541,0.00016849345000000002
'1',6.1,'es_transportation','C95356',0,'M','M348934600',115,0.19060925,0.22304818034172055,0.17717417,0.2202708125114441,0.0071713969999999995,0.0,0.13354011,0.1498796045780182,0.11234479,0.12415046989917755,0.04325448,0.0,0.29005852,0.2826415300369263,0.023564073999999997,4.6416216719080686e-06,0.010063865,2.1830758214491644e-06,0.012219401999999999,2.5602053028706e-06,0.94165164,1.0,0.0,0.90252244,0.89106715,0.0,0.7826550999999999,0.0001583679,0.0001744541,0.00016849345000000002
'1',125.86,'es_contents','C95356',0,'M','M677738360',116,0.19060925,0.0,0.17717417,0.0,0.0071713969999999995,0.0,0.13354011,0.0,0.11234479,0.9755813479423524,0.04325448,0.0,0.29005852,0.016686873510479927,0.023564073999999997,0.003838499076664448,0.010063865,0.0024325074627995487,0.012219401999999999,0.001460816478356719,0.0,0.0,0.0,0.0,0.009726314,0.0,6.4184795e-05,0.00018192048,0.00027001588,0.00013354469
'1',144.71,'es_sportsandtoys','C95356',0,'M','M1649169323',117,0.19060925,0.0,0.17717417,0.0,0.0071713969999999995,0.0,0.13354011,0.0,0.11234479,0.0,0.04325448,0.0,0.29005852,8.688548405189067e-05,0.023564073999999997,0.9997904896736144,0.010063865,7.486009417334571e-05,0.012219401999999999,4.779330629389733e-05,0.0,0.0,0.0,0.0,0.0,0.0,5.9337002999999994e-06,0.84129894,0.00014753894,7.757454000000001e-05
'1',150.93,'es_sportsandtoys','C95356',0,'M','M1788569036',117,0.19060925,0.0,0.17717417,0.0,0.0071713969999999995,0.0,0.13354011,0.0,0.11234479,0.0,0.04325448,0.0,0.29005852,8.688548405189067e-05,0.023564073999999997,0.9997904896736144,0.010063865,7.486009417334571e-05,0.012219401999999999,4.779330629389733e-05,0.0,0.0,0.0,0.0,0.0,0.0,5.9337002999999994e-06,0.84129894,0.00014753894,7.757454000000001e-05
'1',2.44,'es_transportation','C95356',0,'M','M348934600',119,0.19060925,0.22304818034172055,0.17717417,0.2202708125114441,0.0071713969999999995,0.0,0.13354011,0.1498796045780182,0.11234479,0.12415046989917755,0.04325448,0.0,0.29005852,0.2826415300369263,0.023564073999999997,4.6416216719080686e-06,0.010063865,2.1830758214491644e-06,0.012219401999999999,2.5602053028706e-06,0.94165164,1.0,0.0,0.90252244,0.89106715,0.0,0.7826550999999999,0.0001583679,0.0001744541,0.00016849345000000002
'1',33.39,'es_transportation','C95356',0,'M','M348934600',120,0.19060925,0.22304818034172055,0.17717417,0.2202708125114441,0.0071713969999999995,0.0,0.13354011,0.1498796045780182,0.11234479,0.12415046989917755,0.04325448,0.0,0.29005852,0.2826415300369263,0.023564073999999997,4.6416216719080686e-06,0.010063865,2.1830758214491644e-06,0.012219401999999999,2.5602053028706e-06,0.94165164,1.0,0.0,0.90252244,0.89106715,0.0,0.7826550999999999,0.0001583679,0.0001744541,0.00016849345000000002
'1',5.93,'es_transportation','C95356',0,'M','M348934600',121,0.19060925,0.22304818034172055,0.17717417,0.2202708125114441,0.0071713969999999995,0.0,0.13354011,0.1498796045780182,0.11234479,0.12415046989917755,0.04325448,0.0,0.29005852,0.2826415300369263,0.023564073999999997,4.6416216719080686e-06,0.010063865,2.1830758214491644e-06,0.012219401999999999,2.5602053028706e-06,0.94165164,1.0,0.0,0.90252244,0.89106715,0.0,0.7826550999999999,0.0001583679,0.0001744541,0.00016849345000000002
'1',34.66,'es_transportation','C95356',0,'M','M348934600',122,0.19060925,0.22304818034172055,0.17717417,0.2202708125114441,0.0071713969999999995,0.0,0.13354011,0.1498796045780182,0.11234479,0.12415046989917755,0.04325448,0.0,0.29005852,0.2826415300369263,0.023564073999999997,4.6416216719080686e-06,0.010063865,2.1830758214491644e-06,0.012219401999999999,2.5602053028706e-06,0.94165164,1.0,0.0,0.90252244,0.89106715,0.0,0.7826550999999999,0.0001583679,0.0001744541,0.00016849345000000002
'1',6.08,'es_transportation','C95356',0,'M','M348934600',123,0.19060925,0.22304818034172055,0.17717417,0.2202708125114441,0.0071713969999999995,0.0,0.13354011,0.1498796045780182,0.11234479,0.12415046989917755,0.04325448,0.0,0.29005852,0.2826415300369263,0.023564073999999997,4.6416216719080686e-06,0.010063865,2.1830758214491644e-06,0.012219401999999999,2.5602053028706e-06,0.94165164,1.0,0.0,0.90252244,0.89106715,0.0,0.7826550999999999,0.0001583679,0.0001744541,0.00016849345000000002
'1',16.28,'es_transportation','C95356',0,'M','M348934600',124,0.19060925,0.22304818034172055,0.17717417,0.2202708125114441,0.0071713969999999995,0.0,0.13354011,0.1498796045780182,0.11234479,0.12415046989917755,0.04325448,0.0,0.29005852,0.2826415300369263,0.023564073999999997,4.6416216719080686e-06,0.010063865,2.1830758214491644e-06,0.012219401999999999,2.5602053028706e-06,0.94165164,1.0,0.0,0.90252244,0.89106715,0.0,0.7826550999999999,0.0001583679,0.0001744541,0.00016849345000000002
'1',13.37,'es_transportation','C95356',0,'M','M348934600',127,0.19060925,0.22304818034172055,0.17717417,0.2202708125114441,0.0071713969999999995,0.0,0.13354011,0.1498796045780182,0.11234479,0.12415046989917755,0.04325448,0.0,0.29005852,0.2826415300369263,0.023564073999999997,4.6416216719080686e-06,0.010063865,2.1830758214491644e-06,0.012219401999999999,2.5602053028706e-06,0.94165164,1.0,0.0,0.90252244,0.89106715,0.0,0.7826550999999999,0.0001583679,0.0001744541,0.00016849345000000002
'1',21.73,'es_hyper','C95356',0,'M','M855959430',128,0.19060925,0.0,0.17717417,0.0,0.0071713969999999995,0.9964218139648438,0.13354011,0.0,0.11234479,0.0,0.04325448,0.0,0.29005852,0.0005557049880735576,0.023564073999999997,0.0015999096212908626,0.010063865,0.0009771641343832016,0.012219401999999999,0.0004453220462892205,0.0,0.0,1.0,0.0,0.0,0.0,1.3770509e-05,0.00048849947,0.0006987972,0.00026227307000000003
'1',4.36,'es_transportation','C95356',0,'M','M348934600',129,0.19060925,0.22304818034172055,0.17717417,0.2202708125114441,0.0071713969999999995,0.0,0.13354011,0.1498796045780182,0.11234479,0.12415046989917755,0.04325448,0.0,0.29005852,0.2826415300369263,0.023564073999999997,4.6416216719080686e-06,0.010063865,2.1830758214491644e-06,0.012219401999999999,2.5602053028706e-06,0.94165164,1.0,0.0,0.90252244,0.89106715,0.0,0.7826550999999999,0.0001583679,0.0001744541,0.00016849345000000002
'1',39.63,'es_transportation','C95356',0,'M','M348934600',130,0.19060925,0.22304818034172055,0.17717417,0.2202708125114441,0.0071713969999999995,0.0,0.13354011,0.1498796045780182,0.11234479,0.12415046989917755,0.04325448,0.0,0.29005852,0.2826415300369263,0.023564073999999997,4.6416216719080686e-06,0.010063865,2.1830758214491644e-06,0.012219401999999999,2.5602053028706e-06,0.94165164,1.0,0.0,0.90252244,0.89106715,0.0,0.7826550999999999,0.0001583679,0.0001744541,0.00016849345000000002
'1',39.37,'es_transportation','C95356',0,'M','M348934600',131,0.19060925,0.22304818034172055,0.17717417,0.2202708125114441,0.0071713969999999995,0.0,0.13354011,0.1498796045780182,0.11234479,0.12415046989917755,0.04325448,0.0,0.29005852,0.2826415300369263,0.023564073999999997,4.6416216719080686e-06,0.010063865,2.1830758214491644e-06,0.012219401999999999,2.5602053028706e-06,0.94165164,1.0,0.0,0.90252244,0.89106715,0.0,0.7826550999999999,0.0001583679,0.0001744541,0.00016849345000000002
'1',6.09,'es_transportation','C95356',0,'M','M348934600',132,0.19060925,0.22304818034172055,0.17717417,0.2202708125114441,0.0071713969999999995,0.0,0.13354011,0.1498796045780182,0.11234479,0.12415046989917755,0.04325448,0.0,0.29005852,0.2826415300369263,0.023564073999999997,4.6416216719080686e-06,0.010063865,2.1830758214491644e-06,0.012219401999999999,2.5602053028706e-06,0.94165164,1.0,0.0,0.90252244,0.89106715,0.0,0.7826550999999999,0.0001583679,0.0001744541,0.00016849345000000002
'1',39.74,'es_transportation','C95356',0,'M','M348934600',134,0.19060925,0.22304818034172055,0.17717417,0.2202708125114441,0.0071713969999999995,0.0,0.13354011,0.1498796045780182,0.11234479,0.12415046989917755,0.04325448,0.0,0.29005852,0.2826415300369263,0.023564073999999997,4.6416216719080686e-06,0.010063865,2.1830758214491644e-06,0.012219401999999999,2.5602053028706e-06,0.94165164,1.0,0.0,0.90252244,0.89106715,0.0,0.7826550999999999,0.0001583679,0.0001744541,0.00016849345000000002
'1',23.57,'es_transportation','C95356',0,'M','M348934600',135,0.19060925,0.22304818034172055,0.17717417,0.2202708125114441,0.0071713969999999995,0.0,0.13354011,0.1498796045780182,0.11234479,0.12415046989917755,0.04325448,0.0,0.29005852,0.2826415300369263,0.023564073999999997,4.6416216719080686e-06,0.010063865,2.1830758214491644e-06,0.012219401999999999,2.5602053028706e-06,0.94165164,1.0,0.0,0.90252244,0.89106715,0.0,0.7826550999999999,0.0001583679,0.0001744541,0.00016849345000000002
'1',10.69,'es_transportation','C95356',0,'M','M348934600',137,0.19060925,0.22304818034172055,0.17717417,0.2202708125114441,0.0071713969999999995,0.0,0.13354011,0.1498796045780182,0.11234479,0.12415046989917755,0.04325448,0.0,0.29005852,0.2826415300369263,0.023564073999999997,4.6416216719080686e-06,0.010063865,2.1830758214491644e-06,0.012219401999999999,2.5602053028706e-06,0.94165164,1.0,0.0,0.90252244,0.89106715,0.0,0.7826550999999999,0.0001583679,0.0001744541,0.00016849345000000002
'1',39.38,'es_transportation','C95356',0,'M','M348934600',138,0.19060925,0.22304818034172055,0.17717417,0.2202708125114441,0.0071713969999999995,0.0,0.13354011,0.1498796045780182,0.11234479,0.12415046989917755,0.04325448,0.0,0.29005852,0.2826415300369263,0.023564073999999997,4.6416216719080686e-06,0.010063865,2.1830758214491644e-06,0.012219401999999999,2.5602053028706e-06,0.94165164,1.0,0.0,0.90252244,0.89106715,0.0,0.7826550999999999,0.0001583679,0.0001744541,0.00016849345000000002
'1',36.68,'es_wellnessandbeauty','C95356',0,'M','M209847108',139,0.19060925,0.32237789034843445,0.17717417,0.0,0.0071713969999999995,0.0,0.13354011,0.13752274215221405,0.11234479,0.0,0.04325448,0.0,0.29005852,0.0015290456358343365,0.023564073999999997,0.00015792802150826898,0.010063865,6.968124216655268e-05,0.012219401999999999,0.5383427143096924,0.038279865,0.0,0.0,0.02329183,0.0,0.0,0.00011908813999999998,0.00015155497,0.00015661806,0.99650764
'1',38.03,'es_transportation','C95356',0,'M','M348934600',140,0.19060925,0.22304818034172055,0.17717417,0.2202708125114441,0.0071713969999999995,0.0,0.13354011,0.1498796045780182,0.11234479,0.12415046989917755,0.04325448,0.0,0.29005852,0.2826415300369263,0.023564073999999997,4.6416216719080686e-06,0.010063865,2.1830758214491644e-06,0.012219401999999999,2.5602053028706e-06,0.94165164,1.0,0.0,0.90252244,0.89106715,0.0,0.7826550999999999,0.0001583679,0.0001744541,0.00016849345000000002
'1',40.73,'es_transportation','C95356',0,'M','M348934600',141,0.19060925,0.22304818034172055,0.17717417,0.2202708125114441,0.0071713969999999995,0.0,0.13354011,0.1498796045780182,0.11234479,0.12415046989917755,0.04325448,0.0,0.29005852,0.2826415300369263,0.023564073999999997,4.6416216719080686e-06,0.010063865,2.1830758214491644e-06,0.012219401999999999,2.5602053028706e-06,0.94165164,1.0,0.0,0.90252244,0.89106715,0.0,0.7826550999999999,0.0001583679,0.0001744541,0.00016849345000000002
'1',5.99,'es_transportation','C95356',0,'M','M348934600',142,0.19060925,0.22304818034172055,0.17717417,0.2202708125114441,0.0071713969999999995,0.0,0.13354011,0.1498796045780182,0.11234479,0.12415046989917755,0.04325448,0.0,0.29005852,0.2826415300369263,0.023564073999999997,4.6416216719080686e-06,0.010063865,2.1830758214491644e-06,0.012219401999999999,2.5602053028706e-06,0.94165164,1.0,0.0,0.90252244,0.89106715,0.0,0.7826550999999999,0.0001583679,0.0001744541,0.00016849345000000002
'1',55.47,'es_transportation','C95356',0,'M','M348934600',143,0.19060925,0.22304818034172055,0.17717417,0.2202708125114441,0.0071713969999999995,0.0,0.13354011,0.1498796045780182,0.11234479,0.12415046989917755,0.04325448,0.0,0.29005852,0.2826415300369263,0.023564073999999997,4.6416216719080686e-06,0.010063865,2.1830758214491644e-06,0.012219401999999999,2.5602053028706e-06,0.94165164,1.0,0.0,0.90252244,0.89106715,0.0,0.7826550999999999,0.0001583679,0.0001744541,0.00016849345000000002
'1',4.36,'es_transportation','C95356',0,'M','M348934600',144,0.19060925,0.22304818034172055,0.17717417,0.2202708125114441,0.0071713969999999995,0.0,0.13354011,0.1498796045780182,0.11234479,0.12415046989917755,0.04325448,0.0,0.29005852,0.2826415300369263,0.023564073999999997,4.6416216719080686e-06,0.010063865,2.1830758214491644e-06,0.012219401999999999,2.5602053028706e-06,0.94165164,1.0,0.0,0.90252244,0.89106715,0.0,0.7826550999999999,0.0001583679,0.0001744541,0.00016849345000000002
'1',34.13,'es_transportation','C95356',0,'M','M348934600',145,0.19060925,0.22304818034172055,0.17717417,0.2202708125114441,0.0071713969999999995,0.0,0.13354011,0.1498796045780182,0.11234479,0.12415046989917755,0.04325448,0.0,0.29005852,0.2826415300369263,0.023564073999999997,4.6416216719080686e-06,0.010063865,2.1830758214491644e-06,0.012219401999999999,2.5602053028706e-06,0.94165164,1.0,0.0,0.90252244,0.89106715,0.0,0.7826550999999999,0.0001583679,0.0001744541,0.00016849345000000002
'1',3.51,'es_transportation','C95356',0,'M','M348934600',146,0.19060925,0.22304818034172055,0.17717417,0.2202708125114441,0.0071713969999999995,0.0,0.13354011,0.1498796045780182,0.11234479,0.12415046989917755,0.04325448,0.0,0.29005852,0.2826415300369263,0.023564073999999997,4.6416216719080686e-06,0.010063865,2.1830758214491644e-06,0.012219401999999999,2.5602053028706e-06,0.94165164,1.0,0.0,0.90252244,0.89106715,0.0,0.7826550999999999,0.0001583679,0.0001744541,0.00016849345000000002
'1',36.41,'es_transportation','C95356',0,'M','M348934600',147,0.19060925,0.22304818034172055,0.17717417,0.2202708125114441,0.0071713969999999995,0.0,0.13354011,0.1498796045780182,0.11234479,0.12415046989917755,0.04325448,0.0,0.29005852,0.2826415300369263,0.023564073999999997,4.6416216719080686e-06,0.010063865,2.1830758214491644e-06,0.012219401999999999,2.5602053028706e-06,0.94165164,1.0,0.0,0.90252244,0.89106715,0.0,0.7826550999999999,0.0001583679,0.0001744541,0.00016849345000000002
'1',53.03,'es_transportation','C95356',0,'M','M348934600',148,0.19060925,0.22304818034172055,0.17717417,0.2202708125114441,0.0071713969999999995,0.0,0.13354011,0.1498796045780182,0.11234479,0.12415046989917755,0.04325448,0.0,0.29005852,0.2826415300369263,0.023564073999999997,4.6416216719080686e-06,0.010063865,2.1830758214491644e-06,0.012219401999999999,2.5602053028706e-06,0.94165164,1.0,0.0,0.90252244,0.89106715,0.0,0.7826550999999999,0.0001583679,0.0001744541,0.00016849345000000002
'1',56.32,'es_transportation','C95356',0,'M','M348934600',150,0.19060925,0.22304818034172055,0.17717417,0.2202708125114441,0.0071713969999999995,0.0,0.13354011,0.1498796045780182,0.11234479,0.12415046989917755,0.04325448,0.0,0.29005852,0.2826415300369263,0.023564073999999997,4.6416216719080686e-06,0.010063865,2.1830758214491644e-06,0.012219401999999999,2.5602053028706e-06,0.94165164,1.0,0.0,0.90252244,0.89106715,0.0,0.7826550999999999,0.0001583679,0.0001744541,0.00016849345000000002
'1',32.38,'es_transportation','C95356',0,'M','M348934600',151,0.19060925,0.22304818034172055,0.17717417,0.2202708125114441,0.0071713969999999995,0.0,0.13354011,0.1498796045780182,0.11234479,0.12415046989917755,0.04325448,0.0,0.29005852,0.2826415300369263,0.023564073999999997,4.6416216719080686e-06,0.010063865,2.1830758214491644e-06,0.012219401999999999,2.5602053028706e-06,0.94165164,1.0,0.0,0.90252244,0.89106715,0.0,0.7826550999999999,0.0001583679,0.0001744541,0.00016849345000000002
'1',8.01,'es_transportation','C95356',0,'M','M348934600',152,0.19060925,0.22304818034172055,0.17717417,0.2202708125114441,0.0071713969999999995,0.0,0.13354011,0.1498796045780182,0.11234479,0.12415046989917755,0.04325448,0.0,0.29005852,0.2826415300369263,0.023564073999999997,4.6416216719080686e-06,0.010063865,2.1830758214491644e-06,0.012219401999999999,2.5602053028706e-06,0.94165164,1.0,0.0,0.90252244,0.89106715,0.0,0.7826550999999999,0.0001583679,0.0001744541,0.00016849345000000002
'1',96.1,'es_barsandrestaurants','C95356',0,'M','M151143676',153,0.19060925,0.0,0.17717417,0.0,0.0071713969999999995,0.0,0.13354011,0.9563515186309814,0.11234479,0.0,0.04325448,0.0,0.29005852,0.0002899265382438898,0.023564073999999997,0.032603293657302856,0.010063865,0.010222084820270538,0.012219401999999999,0.0005331566790118814,0.0,0.0,0.0,0.06559015,0.0,0.0,9.143828e-06,0.012669647,0.009303737,0.00039963977
'1',40.41,'es_transportation','C95356',0,'M','M348934600',154,0.19060925,0.22304818034172055,0.17717417,0.2202708125114441,0.0071713969999999995,0.0,0.13354011,0.1498796045780182,0.11234479,0.12415046989917755,0.04325448,0.0,0.29005852,0.2826415300369263,0.023564073999999997,4.6416216719080686e-06,0.010063865,2.1830758214491644e-06,0.012219401999999999,2.5602053028706e-06,0.94165164,1.0,0.0,0.90252244,0.89106715,0.0,0.7826550999999999,0.0001583679,0.0001744541,0.00016849345000000002
'1',28.67,'es_home','C95356',0,'M','M1872033263',155,0.19060925,0.6547909379005432,0.17717417,0.0,0.0071713969999999995,0.0,0.13354011,0.0,0.11234479,0.0,0.04325448,0.0,0.29005852,0.0023381225764751434,0.023564073999999997,0.0026994317304342985,0.010063865,0.3396286070346832,0.012219401999999999,0.0005428934236988425,0.014415303999999999,0.0,0.0,0.0,0.0,0.0,3.376224e-05,0.00048028531999999997,0.14152923,0.00018631695
'1',14.34,'es_transportation','C95356',0,'M','M348934600',156,0.19060925,0.22304818034172055,0.17717417,0.2202708125114441,0.0071713969999999995,0.0,0.13354011,0.1498796045780182,0.11234479,0.12415046989917755,0.04325448,0.0,0.29005852,0.2826415300369263,0.023564073999999997,4.6416216719080686e-06,0.010063865,2.1830758214491644e-06,0.012219401999999999,2.5602053028706e-06,0.94165164,1.0,0.0,0.90252244,0.89106715,0.0,0.7826550999999999,0.0001583679,0.0001744541,0.00016849345000000002
'1',32.04,'es_transportation','C95356',0,'M','M1823072687',156,0.19060925,0.22304818034172055,0.17717417,0.2202708125114441,0.0071713969999999995,0.0,0.13354011,0.1498796045780182,0.11234479,0.12415046989917755,0.04325448,0.0,0.29005852,0.2826415300369263,0.023564073999999997,4.6416216719080686e-06,0.010063865,2.1830758214491644e-06,0.012219401999999999,2.5602053028706e-06,0.94165164,1.0,0.0,0.90252244,0.89106715,0.0,0.7826550999999999,0.0001583679,0.0001744541,0.00016849345000000002
'1',7.51,'es_transportation','C95356',0,'M','M1823072687',157,0.19060925,0.22304818034172055,0.17717417,0.2202708125114441,0.0071713969999999995,0.0,0.13354011,0.1498796045780182,0.11234479,0.12415046989917755,0.04325448,0.0,0.29005852,0.2826415300369263,0.023564073999999997,4.6416216719080686e-06,0.010063865,2.1830758214491644e-06,0.012219401999999999,2.5602053028706e-06,0.94165164,1.0,0.0,0.90252244,0.89106715,0.0,0.7826550999999999,0.0001583679,0.0001744541,0.00016849345000000002
'1',31.72,'es_food','C95356',0,'M','M85975013',158,0.19060925,0.0018954853294417266,0.17717417,0.0,0.0071713969999999995,0.0,0.13354011,0.0,0.11234479,0.0075073977932333955,0.04325448,0.0,0.29005852,0.9904544949531556,0.023564073999999997,7.058408664306626e-05,0.010063865,4.0877435822039836e-05,0.012219401999999999,3.125235525658354e-05,0.0006097959,0.0,0.0,0.0,0.004106048,0.0,0.20899770000000004,0.00018351717,0.000248925,0.0001567341
'1',1.41,'es_transportation','C95356',0,'M','M1823072687',159,0.19060925,0.22304818034172055,0.17717417,0.2202708125114441,0.0071713969999999995,0.0,0.13354011,0.1498796045780182,0.11234479,0.12415046989917755,0.04325448,0.0,0.29005852,0.2826415300369263,0.023564073999999997,4.6416216719080686e-06,0.010063865,2.1830758214491644e-06,0.012219401999999999,2.5602053028706e-06,0.94165164,1.0,0.0,0.90252244,0.89106715,0.0,0.7826550999999999,0.0001583679,0.0001744541,0.00016849345000000002
'1',15.23,'es_transportation','C95356',0,'M','M1823072687',160,0.19060925,0.22304818034172055,0.17717417,0.2202708125114441,0.0071713969999999995,0.0,0.13354011,0.1498796045780182,0.11234479,0.12415046989917755,0.04325448,0.0,0.29005852,0.2826415300369263,0.023564073999999997,4.6416216719080686e-06,0.010063865,2.1830758214491644e-06,0.012219401999999999,2.5602053028706e-06,0.94165164,1.0,0.0,0.90252244,0.89106715,0.0,0.7826550999999999,0.0001583679,0.0001744541,0.00016849345000000002
'1',18.46,'es_food','C95356',0,'M','M85975013',161,0.19060925,0.0018954853294417266,0.17717417,0.0,0.0071713969999999995,0.0,0.13354011,0.0,0.11234479,0.0075073977932333955,0.04325448,0.0,0.29005852,0.9904544949531556,0.023564073999999997,7.058408664306626e-05,0.010063865,4.0877435822039836e-05,0.012219401999999999,3.125235525658354e-05,0.0006097959,0.0,0.0,0.0,0.004106048,0.0,0.20899770000000004,0.00018351717,0.000248925,0.0001567341
'1',10.86,'es_transportation','C95356',0,'M','M1823072687',162,0.19060925,0.22304818034172055,0.17717417,0.2202708125114441,0.0071713969999999995,0.0,0.13354011,0.1498796045780182,0.11234479,0.12415046989917755,0.04325448,0.0,0.29005852,0.2826415300369263,0.023564073999999997,4.6416216719080686e-06,0.010063865,2.1830758214491644e-06,0.012219401999999999,2.5602053028706e-06,0.94165164,1.0,0.0,0.90252244,0.89106715,0.0,0.7826550999999999,0.0001583679,0.0001744541,0.00016849345000000002
'1',4.36,'es_food','C95356',0,'M','M85975013',163,0.19060925,0.0018954853294417266,0.17717417,0.0,0.0071713969999999995,0.0,0.13354011,0.0,0.11234479,0.0075073977932333955,0.04325448,0.0,0.29005852,0.9904544949531556,0.023564073999999997,7.058408664306626e-05,0.010063865,4.0877435822039836e-05,0.012219401999999999,3.125235525658354e-05,0.0006097959,0.0,0.0,0.0,0.004106048,0.0,0.20899770000000004,0.00018351717,0.000248925,0.0001567341
'1',37.49,'es_transportation','C95356',0,'M','M1823072687',164,0.19060925,0.22304818034172055,0.17717417,0.2202708125114441,0.0071713969999999995,0.0,0.13354011,0.1498796045780182,0.11234479,0.12415046989917755,0.04325448,0.0,0.29005852,0.2826415300369263,0.023564073999999997,4.6416216719080686e-06,0.010063865,2.1830758214491644e-06,0.012219401999999999,2.5602053028706e-06,0.94165164,1.0,0.0,0.90252244,0.89106715,0.0,0.7826550999999999,0.0001583679,0.0001744541,0.00016849345000000002
'1',41.94,'es_transportation','C95356',0,'M','M1823072687',165,0.19060925,0.22304818034172055,0.17717417,0.2202708125114441,0.0071713969999999995,0.0,0.13354011,0.1498796045780182,0.11234479,0.12415046989917755,0.04325448,0.0,0.29005852,0.2826415300369263,0.023564073999999997,4.6416216719080686e-06,0.010063865,2.1830758214491644e-06,0.012219401999999999,2.5602053028706e-06,0.94165164,1.0,0.0,0.90252244,0.89106715,0.0,0.7826550999999999,0.0001583679,0.0001744541,0.00016849345000000002
'1',37.94,'es_transportation','C95356',0,'M','M1823072687',166,0.19060925,0.22304818034172055,0.17717417,0.2202708125114441,0.0071713969999999995,0.0,0.13354011,0.1498796045780182,0.11234479,0.12415046989917755,0.04325448,0.0,0.29005852,0.2826415300369263,0.023564073999999997,4.6416216719080686e-06,0.010063865,2.1830758214491644e-06,0.012219401999999999,2.5602053028706e-06,0.94165164,1.0,0.0,0.90252244,0.89106715,0.0,0.7826550999999999,0.0001583679,0.0001744541,0.00016849345000000002
'1',12.34,'es_transportation','C95356',0,'M','M1823072687',167,0.19060925,0.22304818034172055,0.17717417,0.2202708125114441,0.0071713969999999995,0.0,0.13354011,0.1498796045780182,0.11234479,0.12415046989917755,0.04325448,0.0,0.29005852,0.2826415300369263,0.023564073999999997,4.6416216719080686e-06,0.010063865,2.1830758214491644e-06,0.012219401999999999,2.5602053028706e-06,0.94165164,1.0,0.0,0.90252244,0.89106715,0.0,0.7826550999999999,0.0001583679,0.0001744541,0.00016849345000000002
'1',32.02,'es_transportation','C95356',0,'M','M1823072687',168,0.19060925,0.22304818034172055,0.17717417,0.2202708125114441,0.0071713969999999995,0.0,0.13354011,0.1498796045780182,0.11234479,0.12415046989917755,0.04325448,0.0,0.29005852,0.2826415300369263,0.023564073999999997,4.6416216719080686e-06,0.010063865,2.1830758214491644e-06,0.012219401999999999,2.5602053028706e-06,0.94165164,1.0,0.0,0.90252244,0.89106715,0.0,0.7826550999999999,0.0001583679,0.0001744541,0.00016849345000000002
'1',36.98,'es_transportation','C95356',0,'M','M1823072687',169,0.19060925,0.22304818034172055,0.17717417,0.2202708125114441,0.0071713969999999995,0.0,0.13354011,0.1498796045780182,0.11234479,0.12415046989917755,0.04325448,0.0,0.29005852,0.2826415300369263,0.023564073999999997,4.6416216719080686e-06,0.010063865,2.1830758214491644e-06,0.012219401999999999,2.5602053028706e-06,0.94165164,1.0,0.0,0.90252244,0.89106715,0.0,0.7826550999999999,0.0001583679,0.0001744541,0.00016849345000000002
'1',25.01,'es_transportation','C95356',0,'M','M1823072687',170,0.19060925,0.22304818034172055,0.17717417,0.2202708125114441,0.0071713969999999995,0.0,0.13354011,0.1498796045780182,0.11234479,0.12415046989917755,0.04325448,0.0,0.29005852,0.2826415300369263,0.023564073999999997,4.6416216719080686e-06,0.010063865,2.1830758214491644e-06,0.012219401999999999,2.5602053028706e-06,0.94165164,1.0,0.0,0.90252244,0.89106715,0.0,0.7826550999999999,0.0001583679,0.0001744541,0.00016849345000000002
'1',11.96,'es_transportation','C95356',0,'M','M1823072687',171,0.19060925,0.22304818034172055,0.17717417,0.2202708125114441,0.0071713969999999995,0.0,0.13354011,0.1498796045780182,0.11234479,0.12415046989917755,0.04325448,0.0,0.29005852,0.2826415300369263,0.023564073999999997,4.6416216719080686e-06,0.010063865,2.1830758214491644e-06,0.012219401999999999,2.5602053028706e-06,0.94165164,1.0,0.0,0.90252244,0.89106715,0.0,0.7826550999999999,0.0001583679,0.0001744541,0.00016849345000000002
'1',17.43,'es_food','C95356',0,'M','M85975013',172,0.19060925,0.0018954853294417266,0.17717417,0.0,0.0071713969999999995,0.0,0.13354011,0.0,0.11234479,0.0075073977932333955,0.04325448,0.0,0.29005852,0.9904544949531556,0.023564073999999997,7.058408664306626e-05,0.010063865,4.0877435822039836e-05,0.012219401999999999,3.125235525658354e-05,0.0006097959,0.0,0.0,0.0,0.004106048,0.0,0.20899770000000004,0.00018351717,0.000248925,0.0001567341
'1',48.32,'es_transportation','C95356',0,'M','M1823072687',173,0.19060925,0.22304818034172055,0.17717417,0.2202708125114441,0.0071713969999999995,0.0,0.13354011,0.1498796045780182,0.11234479,0.12415046989917755,0.04325448,0.0,0.29005852,0.2826415300369263,0.023564073999999997,4.6416216719080686e-06,0.010063865,2.1830758214491644e-06,0.012219401999999999,2.5602053028706e-06,0.94165164,1.0,0.0,0.90252244,0.89106715,0.0,0.7826550999999999,0.0001583679,0.0001744541,0.00016849345000000002
'1',27.99,'es_transportation','C95356',0,'M','M1823072687',174,0.19060925,0.22304818034172055,0.17717417,0.2202708125114441,0.0071713969999999995,0.0,0.13354011,0.1498796045780182,0.11234479,0.12415046989917755,0.04325448,0.0,0.29005852,0.2826415300369263,0.023564073999999997,4.6416216719080686e-06,0.010063865,2.1830758214491644e-06,0.012219401999999999,2.5602053028706e-06,0.94165164,1.0,0.0,0.90252244,0.89106715,0.0,0.7826550999999999,0.0001583679,0.0001744541,0.00016849345000000002
'1',24.77,'es_food','C95356',0,'M','M85975013',175,0.19060925,0.0018954853294417266,0.17717417,0.0,0.0071713969999999995,0.0,0.13354011,0.0,0.11234479,0.0075073977932333955,0.04325448,0.0,0.29005852,0.9904544949531556,0.023564073999999997,7.058408664306626e-05,0.010063865,4.0877435822039836e-05,0.012219401999999999,3.125235525658354e-05,0.0006097959,0.0,0.0,0.0,0.004106048,0.0,0.20899770000000004,0.00018351717,0.000248925,0.0001567341
'1',18.66,'es_food','C95356',0,'M','M85975013',176,0.19060925,0.0018954853294417266,0.17717417,0.0,0.0071713969999999995,0.0,0.13354011,0.0,0.11234479,0.0075073977932333955,0.04325448,0.0,0.29005852,0.9904544949531556,0.023564073999999997,7.058408664306626e-05,0.010063865,4.0877435822039836e-05,0.012219401999999999,3.125235525658354e-05,0.0006097959,0.0,0.0,0.0,0.004106048,0.0,0.20899770000000004,0.00018351717,0.000248925,0.0001567341
'1',6.78,'es_transportation','C95356',0,'M','M1823072687',177,0.19060925,0.22304818034172055,0.17717417,0.2202708125114441,0.0071713969999999995,0.0,0.13354011,0.1498796045780182,0.11234479,0.12415046989917755,0.04325448,0.0,0.29005852,0.2826415300369263,0.023564073999999997,4.6416216719080686e-06,0.010063865,2.1830758214491644e-06,0.012219401999999999,2.5602053028706e-06,0.94165164,1.0,0.0,0.90252244,0.89106715,0.0,0.7826550999999999,0.0001583679,0.0001744541,0.00016849345000000002
'1',25.54,'es_transportation','C95356',0,'M','M1823072687',178,0.19060925,0.22304818034172055,0.17717417,0.2202708125114441,0.0071713969999999995,0.0,0.13354011,0.1498796045780182,0.11234479,0.12415046989917755,0.04325448,0.0,0.29005852,0.2826415300369263,0.023564073999999997,4.6416216719080686e-06,0.010063865,2.1830758214491644e-06,0.012219401999999999,2.5602053028706e-06,0.94165164,1.0,0.0,0.90252244,0.89106715,0.0,0.7826550999999999,0.0001583679,0.0001744541,0.00016849345000000002
'1',34.85,'es_transportation','C95356',0,'M','M1823072687',179,0.19060925,0.22304818034172055,0.17717417,0.2202708125114441,0.0071713969999999995,0.0,0.13354011,0.1498796045780182,0.11234479,0.12415046989917755,0.04325448,0.0,0.29005852,0.2826415300369263,0.023564073999999997,4.6416216719080686e-06,0.010063865,2.1830758214491644e-06,0.012219401999999999,2.5602053028706e-06,0.94165164,1.0,0.0,0.90252244,0.89106715,0.0,0.7826550999999999,0.0001583679,0.0001744541,0.00016849345000000002
